trial_id,subject_id,label,risk_label,session_phase,rpe,load_level,label_quality,window_start_ms,window_end_ms,gyro_up_var,gyro_up_rms,gyro_low_var,gyro_low_rms,acc_up_var,jerk_up_mean_abs,fft_energy_4_8,fft_energy_8_12,fft_band_ratio_8_12,spectral_entropy,upper_lower_gyro_corr
synthetic_s01_01_safe_lift_motion,synthetic_s01,safe_lift_motion,safe_lift,fresh_baseline,2,synthetic,clean,0,3980,12.578672150677024,8.81788529421447,5.84443699902106,5.818018914208729,0.01742079219513669,2.5188137487392206,11174.018048119206,7630.935376752172,0.03040565788117415,0.16866354438606887,0.8859015516157578
synthetic_s01_01_safe_lift_motion,synthetic_s01,safe_lift_motion,safe_lift,fresh_baseline,2,synthetic,clean,2000,5980,12.550401976337385,8.82148197948872,5.681350438476968,5.854897282309363,0.018367272711292158,2.601889897790544,13024.90164400624,6606.353035312002,0.026409653351632166,0.17081293563600292,0.8829029079146732
synthetic_s01_01_safe_lift_motion,synthetic_s01,safe_lift_motion,safe_lift,fresh_baseline,2,synthetic,clean,4000,7980,12.502114539595715,8.798118134357109,5.886081427133777,5.917533248083452,0.018294099391816317,2.4044106931735287,13169.468705453037,5715.294596860541,0.022925192378926235,0.1681106843865601,0.8940959281683113
synthetic_s01_01_safe_lift_motion,synthetic_s01,safe_lift_motion,safe_lift,fresh_baseline,2,synthetic,clean,6000,9980,12.43418731487081,8.800291139158096,6.043435670885007,5.882981803026699,0.018305293785484855,2.489274082160907,9858.076751948487,6461.364343732608,0.026039124215803212,0.1599125295298044,0.8903268712026788
synthetic_s01_01_safe_lift_motion,synthetic_s01,safe_lift_motion,safe_lift,fresh_baseline,2,synthetic,clean,8000,11980,13.019154335889707,8.859718663415201,5.521933401526692,5.777832523610403,0.01878752387391081,2.540163895119802,11286.861599874373,9855.06356305949,0.037929327096045164,0.17541529124048683,0.8833992278720185
synthetic_s01_02_unsafe_flexion_motion,synthetic_s01,unsafe_flexion_motion,stoop_risk,repeated_task,5,synthetic,clean,0,3980,103.11358904420332,24.41578894865326,8.82021747581305,7.2122175708407825,0.002864347056267649,2.1215472222651037,100045.8393211455,44245.309828792975,0.02145712422832722,0.10234840868278153,0.9492434124847572
synthetic_s01_02_unsafe_flexion_motion,synthetic_s01,unsafe_flexion_motion,stoop_risk,repeated_task,5,synthetic,clean,2000,5980,102.01679303250774,24.346463981236845,8.876658830977197,7.168179315105191,0.0030715022625925938,2.1466374137125377,94469.16333784361,43482.93794352467,0.021314385867142144,0.10142753981189463,0.9446619023766883
synthetic_s01_02_unsafe_flexion_motion,synthetic_s01,unsafe_flexion_motion,stoop_risk,repeated_task,5,synthetic,clean,4000,7980,101.84106583582884,24.297622239520987,9.050462013252528,7.164621948024904,0.0028715605687772896,2.067379384499554,94452.34694904697,38930.209649845594,0.019117617084957444,0.09959058060943696,0.9365563925490392
synthetic_s01_02_unsafe_flexion_motion,synthetic_s01,unsafe_flexion_motion,stoop_risk,repeated_task,5,synthetic,clean,6000,9980,102.41705030272297,24.3351608392966,9.265904117100515,7.139432842246725,0.0027859679275564807,2.259647833206788,99218.12518167094,37166.09042504438,0.018149154477175952,0.10189342536474727,0.9407046314811552
synthetic_s01_02_unsafe_flexion_motion,synthetic_s01,unsafe_flexion_motion,stoop_risk,repeated_task,5,synthetic,clean,8000,11980,104.12267746825037,24.397228753493252,9.039801838454832,7.163592613289698,0.0032756608324600966,2.3904584928406365,98713.15912014538,43959.0157638976,0.021113084891794226,0.106142412475438,0.9472377833700071
synthetic_s01_03_unsafe_twist_motion,synthetic_s01,unsafe_twist_motion,twist_risk,fatigue_like,8,synthetic,clean,0,3980,150.52112412960082,30.88963620189834,30.123471598323764,12.809226105192266,0.0018510642329656452,2.4759946539364557,125366.48206040829,210017.76535898523,0.06976961294222928,0.16060162116628662,0.9340098916683595
synthetic_s01_03_unsafe_twist_motion,synthetic_s01,unsafe_twist_motion,twist_risk,fatigue_like,8,synthetic,clean,2000,5980,152.00195851231103,30.791112388479718,30.20911073254417,12.799831999245416,0.0019143286737569865,2.600957109451147,122675.1174045568,217932.14625572303,0.07169985907931398,0.161923266213932,0.9260560509492374
synthetic_s01_03_unsafe_twist_motion,synthetic_s01,unsafe_twist_motion,twist_risk,fatigue_like,8,synthetic,clean,4000,7980,151.6952976224795,30.787092345848983,30.48496583543424,12.873035520569065,0.0018688901311763764,2.3856474118161715,128301.52241683079,225741.21620110574,0.0744105852440436,0.16546307443192054,0.9235757425907062
synthetic_s01_03_unsafe_twist_motion,synthetic_s01,unsafe_twist_motion,twist_risk,fatigue_like,8,synthetic,clean,6000,9980,149.6639337325272,30.755988401593306,30.2149084972726,12.887080303989235,0.0017180152400210562,2.197456664986753,134221.89259036013,216196.28380831482,0.0722316963356063,0.166054108571677,0.9236449743170474
synthetic_s01_03_unsafe_twist_motion,synthetic_s01,unsafe_twist_motion,twist_risk,fatigue_like,8,synthetic,clean,8000,11980,150.3751008968429,30.723227154287187,30.122615088578495,12.797373887181218,0.0014886708893431426,2.233003504762277,137978.99971122056,206889.7631446692,0.0687975856012355,0.1653027389475137,0.9195891461959701
synthetic_s01_04_bend_no_load,synthetic_s01,bend_no_load,non_risk_bend,repeated_task,5,synthetic,clean,0,3980,8.84052388751167,8.093637645569089,4.390031972792437,5.145679140759913,0.0016578415446926148,2.0976716842294874,24441.292736147974,28360.67254058459,0.16060705699453673,0.41674051385638344,0.6720059943950806
synthetic_s01_04_bend_no_load,synthetic_s01,bend_no_load,non_risk_bend,repeated_task,5,synthetic,clean,2000,5980,9.03834604541841,8.077124294791663,4.467102184799255,5.192329788360782,0.0016783667748417486,2.349725351662248,24594.312754648457,27431.094956958765,0.15230567284875923,0.4076096535971849,0.6791515345127134
synthetic_s01_04_bend_no_load,synthetic_s01,bend_no_load,non_risk_bend,repeated_task,5,synthetic,clean,4000,7980,9.473673508130974,8.091793028870896,4.487129429337872,5.09973473422247,0.0015341720136944936,2.3730648921036392,26638.26692900642,27076.272585185434,0.14338543629811107,0.3902911171640451,0.6780168407187828
synthetic_s01_04_bend_no_load,synthetic_s01,bend_no_load,non_risk_bend,repeated_task,5,synthetic,clean,6000,9980,9.640786898003789,8.21950955675373,4.443141955106852,5.0863618360078116,0.0014859594000769568,2.3089568777252247,24881.708536195754,25951.23601800958,0.13509858121106066,0.38900085866913564,0.6799334817922111
synthetic_s01_04_bend_no_load,synthetic_s01,bend_no_load,non_risk_bend,repeated_task,5,synthetic,clean,8000,11980,9.317572689632007,8.173434186998023,4.540645879110173,5.1986700514066895,0.0014160262030169582,2.3376684272379924,25599.702229959807,25576.543173755155,0.1378670648804591,0.41122905318233716,0.6627009093108064
synthetic_s01_05_sit_bend,synthetic_s01,sit_bend,non_risk_bend,recovery,4,synthetic,clean,0,3980,5.283810316111677,5.930818101028513,0.33819067524442387,1.3786765588079646,0.0015649367548622216,2.295340500397904,16108.93205667578,18159.545542116506,0.17259170911265634,0.46755499063624933,-0.004812623972451601
synthetic_s01_05_sit_bend,synthetic_s01,sit_bend,non_risk_bend,recovery,4,synthetic,clean,2000,5980,4.932490020140798,5.924687830153356,0.29908057754538436,1.3329964530817457,0.0013764226149544478,1.9552161157668058,16179.899761304574,14931.591209250202,0.1524276970408521,0.47816235644374133,-0.05331742138789684
synthetic_s01_05_sit_bend,synthetic_s01,sit_bend,non_risk_bend,recovery,4,synthetic,clean,4000,7980,4.4054736970780075,5.8303820281211856,0.29230776516393564,1.352829660385834,0.0013780650759212631,2.004828255635732,14027.377602388322,15163.440125934125,0.1734417695327389,0.49930037150092327,-0.07279422417935069
synthetic_s01_05_sit_bend,synthetic_s01,sit_bend,non_risk_bend,recovery,4,synthetic,clean,6000,9980,4.515388350595434,5.814476406339087,0.3070162503641864,1.3868511523750282,0.0018024045985295222,2.4105132570016687,13823.469601502986,16037.13652233564,0.17804252751716743,0.485631802135618,0.0013714307040868113
synthetic_s01_05_sit_bend,synthetic_s01,sit_bend,non_risk_bend,recovery,4,synthetic,clean,8000,11980,4.615177535087135,5.834444652566764,0.30537209538699317,1.4085676673644232,0.0019189869672031085,2.5972975187461573,15601.794213422916,12932.021288487907,0.1404241386024943,0.45540652812613447,0.093178455150891
synthetic_s01_06_walk,synthetic_s01,walk,normal_activity,fatigue_like,8,synthetic,clean,0,3980,15.564540406948904,10.195551501023006,5.611761451116856,5.757286243101285,0.021927428480353322,2.602296995403942,92240.48323729786,111382.306637009,0.35836994018845375,0.3881447618977471,-0.3923055677515146
synthetic_s01_06_walk,synthetic_s01,walk,normal_activity,fatigue_like,8,synthetic,clean,2000,5980,15.392800493999603,10.144388107643936,5.7198785062643696,5.7552059750884235,0.022369283700796164,2.837434159841729,89758.47265071548,108722.16728141694,0.35366175007913336,0.3857602665821141,-0.39046437659487976
synthetic_s01_06_walk,synthetic_s01,walk,normal_activity,fatigue_like,8,synthetic,clean,4000,7980,16.140327630278076,10.32897568306774,5.876493946516685,5.796253175691016,0.023847677908258563,2.777718464211347,92565.20279930286,114096.16602680094,0.35435674051759103,0.3900617883744777,-0.3970958144187179
synthetic_s01_06_walk,synthetic_s01,walk,normal_activity,fatigue_like,8,synthetic,clean,6000,9980,16.717118096162505,10.416783259329915,5.8687605606204025,5.844525620447018,0.02300990360377803,2.5051257142327445,97262.01664142485,124567.39308167453,0.37294215291706645,0.3841844311186895,-0.39915107644477216
synthetic_s01_06_walk,synthetic_s01,walk,normal_activity,fatigue_like,8,synthetic,clean,8000,11980,16.246575484255924,10.31133840859771,6.061783814006617,5.891707803182242,0.021217935463469867,2.5784148779301805,98228.7213241705,123255.94053669045,0.3796832511537627,0.37609218837223346,-0.37633652675449036
synthetic_s01_07_sit,synthetic_s01,sit,normal_activity,fresh_baseline,2,synthetic,clean,0,3980,0.6940891565493041,1.6599391939677202,0.019615097268926757,0.3495891650644039,0.001605616489685493,2.259100222756058,5540.644196252304,1021.5787806662581,0.07381110594703719,0.35443788789433756,-0.057888047531112534
synthetic_s01_07_sit,synthetic_s01,sit,normal_activity,fresh_baseline,2,synthetic,clean,2000,5980,0.7082703270721795,1.6336313938512697,0.017600670519737665,0.3310843068150646,0.0014542625149085223,2.0597140751820247,5265.383948749228,1121.255782959303,0.07942375364953694,0.3399688281520497,-0.08071595118697376
synthetic_s01_07_sit,synthetic_s01,sit,normal_activity,fresh_baseline,2,synthetic,clean,4000,7980,0.7056106371301337,1.611479316777939,0.017609130153846044,0.32951735843768454,0.0013791450834376472,1.9326487113522537,5006.618664286068,925.1673812043721,0.06561029580458193,0.3377508615655014,-0.03749777308917718
synthetic_s01_07_sit,synthetic_s01,sit,normal_activity,fresh_baseline,2,synthetic,clean,6000,9980,0.6787700710904657,1.621851270728425,0.017767319314741625,0.3329577978017744,0.001476401220407131,2.0053023108268837,5024.981539892026,974.8483652420803,0.0718960451282122,0.3556553484605508,0.015524914413470453
synthetic_s01_07_sit,synthetic_s01,sit,normal_activity,fresh_baseline,2,synthetic,clean,8000,11980,0.6859659775443945,1.6254618870928752,0.01914092571285026,0.34794194891119223,0.001458280782317739,2.113001568947835,5200.922544818254,1033.23608128371,0.07544642098458869,0.35393146126653796,-0.06688896292584026
synthetic_s01_08_transit_noise,synthetic_s01,transit_noise,transit_ignore,recovery,4,synthetic,clean,0,3980,96.27027397411064,26.110448676691203,109.13314897307076,26.322897830431508,0.09114271287337389,17.7667113155876,300529.0772403964,357842.5637498668,0.19225082951365155,0.925820520554474,0.09657237393732143
synthetic_s01_08_transit_noise,synthetic_s01,transit_noise,transit_ignore,recovery,4,synthetic,clean,2000,5980,104.61987973613111,26.204689382902316,109.788969926483,26.525159150371415,0.08890882905303381,17.358552714359668,408727.600562094,378280.0918271648,0.18599436330515032,0.9252287322384822,0.10671576432682955
synthetic_s01_08_transit_noise,synthetic_s01,transit_noise,transit_ignore,recovery,4,synthetic,clean,4000,7980,112.82808578649689,24.786926918407406,91.91278765342396,25.223472665358226,0.07866457818274329,16.31247083380959,438107.95605254907,289905.7625594222,0.1389973005845179,0.8887867175665591,0.1015624411646934
synthetic_s01_08_transit_noise,synthetic_s01,transit_noise,transit_ignore,recovery,4,synthetic,clean,6000,9980,100.92343860138389,24.485144232962536,88.00574237473,24.351353142302248,0.07671694130619194,15.986033350634422,381616.0623581707,278790.68353995244,0.15220871565353822,0.8924676663003918,0.025693801867750558
synthetic_s01_08_transit_noise,synthetic_s01,transit_noise,transit_ignore,recovery,4,synthetic,clean,8000,11980,94.35672229228068,26.11107088894212,106.06133341612095,25.794689510893907,0.0814616390237345,17.255518094392375,365534.79194226686,441015.13863689924,0.24526899006191136,0.911340245329898,0.006439426142187998
synthetic_s02_01_safe_lift_motion,synthetic_s02,safe_lift_motion,safe_lift,fresh_baseline,2,synthetic,clean,0,3980,13.505369248332794,8.760713549769738,5.992550042706032,5.8911949639480286,0.016946013454037276,2.231192240512995,13637.602675861186,10459.041663114245,0.038822364517724,0.18496029690551757,0.9008931146448131
synthetic_s02_01_safe_lift_motion,synthetic_s02,safe_lift_motion,safe_lift,fresh_baseline,2,synthetic,clean,2000,5980,12.862583988343404,8.690230069304166,5.969844360168192,5.826611969294799,0.0171440109463511,2.113700200016188,12211.5442045347,5750.0403685287865,0.02240679486701116,0.15268624587716068,0.910448353740502
synthetic_s02_01_safe_lift_motion,synthetic_s02,safe_lift_motion,safe_lift,fresh_baseline,2,synthetic,clean,4000,7980,12.715897745376905,8.676468632045776,6.20580939268938,5.769093447535269,0.01755234669251328,2.3885729376622353,13286.517685526533,5604.374037182337,0.022068170201627036,0.16493253456232643,0.9118343658848814
synthetic_s02_01_safe_lift_motion,synthetic_s02,safe_lift_motion,safe_lift,fresh_baseline,2,synthetic,clean,6000,9980,12.406976425075674,8.671553056398919,6.0815916241061005,5.755475133714093,0.01757945701000664,2.6666608529243203,12322.170732179893,6922.3219015223085,0.027937503598122245,0.1702268433594596,0.9048392338658369
synthetic_s02_01_safe_lift_motion,synthetic_s02,safe_lift_motion,safe_lift,fresh_baseline,2,synthetic,clean,8000,11980,12.182134217556627,8.737159181223706,5.895629213832608,5.788328166057377,0.017976361258703676,2.7199271521601815,12997.801886648358,7500.964962116528,0.030894964727816557,0.1737051126110518,0.9089609764172736
synthetic_s02_02_unsafe_flexion_motion,synthetic_s02,unsafe_flexion_motion,stoop_risk,repeated_task,5,synthetic,clean,0,3980,103.55840549225931,24.415387273133387,9.221427308641223,7.219215412908896,0.0029134301814693307,2.284008158442005,93009.70954115652,40434.50770456186,0.019527802724350254,0.10090323669835224,0.9405499286236965
synthetic_s02_02_unsafe_flexion_motion,synthetic_s02,unsafe_flexion_motion,stoop_risk,repeated_task,5,synthetic,clean,2000,5980,102.97561948543913,24.32778294191816,8.92916523023196,7.191357345178585,0.003114872621942318,2.131257323236152,102109.57465448005,42096.388981152224,0.020442449772801356,0.10508033067086774,0.9338710662191861
synthetic_s02_02_unsafe_flexion_motion,synthetic_s02,unsafe_flexion_motion,stoop_risk,repeated_task,5,synthetic,clean,4000,7980,101.40829943593454,24.278669872831447,8.920353250266853,7.163274754647131,0.002904730102561507,2.176328368094955,100419.63445831965,40554.70288603952,0.0200014740057125,0.10394006585771128,0.9346750932088426
synthetic_s02_02_unsafe_flexion_motion,synthetic_s02,unsafe_flexion_motion,stoop_risk,repeated_task,5,synthetic,clean,6000,9980,102.60650480752552,24.30172305596409,8.627193895704943,7.234284572103113,0.002298127236590718,2.2067705784994183,96416.51761864175,38157.984983200855,0.018597102525337077,0.09915807700069683,0.9435457113213876
synthetic_s02_02_unsafe_flexion_motion,synthetic_s02,unsafe_flexion_motion,stoop_risk,repeated_task,5,synthetic,clean,8000,11980,104.6261277590694,24.440722429207305,9.060709502149074,7.254440992092358,0.0026944372537702006,2.2319742543631285,99409.84183832498,43569.59700353515,0.02082816424710801,0.10267611014669754,0.9492361391330838
synthetic_s02_03_unsafe_twist_motion,synthetic_s02,unsafe_twist_motion,twist_risk,fatigue_like,8,synthetic,clean,0,3980,151.8887672749981,30.689681037645354,29.077835057161284,12.717310419932398,0.0015580364370962221,2.1225875281895132,130073.88412843556,216813.701338187,0.07139343533897248,0.16404646944470788,0.9239651392129066
synthetic_s02_03_unsafe_twist_motion,synthetic_s02,unsafe_twist_motion,twist_risk,fatigue_like,8,synthetic,clean,2000,5980,152.00393322089013,30.685967560839988,29.406974321366455,12.772806007105606,0.0015853653841594304,2.129487529244206,140680.27465194417,217710.17326949205,0.07163425386933311,0.16389568876856417,0.9234008629591296
synthetic_s02_03_unsafe_twist_motion,synthetic_s02,unsafe_twist_motion,twist_risk,fatigue_like,8,synthetic,clean,4000,7980,154.64910249285612,30.862066444132733,30.22939800699552,12.747755224692556,0.0016642194117059766,2.330830128807738,140007.29669495692,224131.6306753575,0.07248149974238241,0.16301408123524974,0.9214724445322244
synthetic_s02_03_unsafe_twist_motion,synthetic_s02,unsafe_twist_motion,twist_risk,fatigue_like,8,synthetic,clean,6000,9980,153.5956647380281,30.900129234796367,30.18898305455182,12.679818363031021,0.001522774797799154,2.4593419369672307,127420.8085414541,220204.6642084981,0.0716976806400088,0.1613529074049186,0.9238194401183125
synthetic_s02_03_unsafe_twist_motion,synthetic_s02,unsafe_twist_motion,twist_risk,fatigue_like,8,synthetic,clean,8000,11980,150.12341179878769,30.809827988989063,29.898350973159896,12.70959980372467,0.0015072316593997726,2.3622432041298045,128019.14138565441,209664.55466382578,0.06984433337915101,0.16372086444403544,0.9184360489850468
synthetic_s02_04_bend_no_load,synthetic_s02,bend_no_load,non_risk_bend,repeated_task,5,synthetic,clean,0,3980,9.016761630588064,8.076307582395483,4.203893467961215,5.138418960446926,0.0015264345567734356,2.012931705519493,25046.244210998466,30668.53854117756,0.17022255077572143,0.4192493660954767,0.7013129388794628
synthetic_s02_04_bend_no_load,synthetic_s02,bend_no_load,non_risk_bend,repeated_task,5,synthetic,clean,2000,5980,9.117788312452268,8.154128914152844,4.265515444561496,5.038170449585959,0.0014205549354210964,1.991696406650044,24457.376010970245,26661.41663255381,0.14672357059813979,0.43074023384650184,0.6637425025476617
synthetic_s02_04_bend_no_load,synthetic_s02,bend_no_load,non_risk_bend,repeated_task,5,synthetic,clean,4000,7980,9.319454883830737,8.146800548986999,4.052731409595362,4.944249817303548,0.0015014442449630633,2.3661479264572165,25196.518290055017,23091.756919566866,0.12414986332753808,0.39748400398819195,0.6584785284936711
synthetic_s02_04_bend_no_load,synthetic_s02,bend_no_load,non_risk_bend,repeated_task,5,synthetic,clean,6000,9980,9.08985303897118,8.053372929416922,4.190262624422243,5.098571072365727,0.001648451482761455,2.437484939753018,24104.942832419045,27438.569355068794,0.15113289189803902,0.38606782821285685,0.6849988768523748
synthetic_s02_04_bend_no_load,synthetic_s02,bend_no_load,non_risk_bend,repeated_task,5,synthetic,clean,8000,11980,8.768905716071279,8.12382872687219,4.312965615418287,5.160819730114365,0.001627334135161129,2.2766156708164638,26573.901610777655,27758.63435997246,0.15872797424248541,0.3977993765676216,0.6827473974795355
synthetic_s02_05_sit_bend,synthetic_s02,sit_bend,non_risk_bend,recovery,4,synthetic,clean,0,3980,4.494606658098982,5.797189380302247,0.27211283798942104,1.4031970364477309,0.001513964806039134,2.288086485825163,15487.784140133079,12036.788719478329,0.13461985054079212,0.47943722070658523,-0.050870686989608956
synthetic_s02_05_sit_bend,synthetic_s02,sit_bend,non_risk_bend,recovery,4,synthetic,clean,2000,5980,4.423910055759247,5.795162059122417,0.23918145406472713,1.3359825400766177,0.0015822169410426125,2.2437780673459686,14957.763092601343,12767.394508374638,0.14454652992968114,0.48104972173524224,-0.029846562624713
synthetic_s02_05_sit_bend,synthetic_s02,sit_bend,non_risk_bend,recovery,4,synthetic,clean,4000,7980,4.390711138227891,5.7595304864313475,0.26408297148925586,1.3354121843977496,0.001559849639470286,2.202750630417834,12868.753045330352,13837.974498186644,0.1584276509349554,0.48688434805356806,0.03142826657475671
synthetic_s02_05_sit_bend,synthetic_s02,sit_bend,non_risk_bend,recovery,4,synthetic,clean,6000,9980,4.588337182051688,5.786592758903402,0.2787005618126909,1.4127980647814917,0.0016816601473521491,2.418181879710392,12113.971680377099,16829.06585765474,0.184457359073476,0.4832203200764766,0.03240086916875153
synthetic_s02_05_sit_bend,synthetic_s02,sit_bend,non_risk_bend,recovery,4,synthetic,clean,8000,11980,4.579892448569586,5.713825845097815,0.2951329386538842,1.452119451447676,0.0017806853227866903,2.43083627732303,11451.085159502214,15297.84468725556,0.16840969175137527,0.4537503580788701,-0.03666681123188351
synthetic_s02_06_walk,synthetic_s02,walk,normal_activity,fatigue_like,8,synthetic,clean,0,3980,15.88367285982712,10.267492413756482,6.202458306279215,5.863345157674077,0.022060855242453704,2.709716743522305,92735.24658507416,116430.86465349987,0.36688480130121826,0.38054199636857955,-0.40163423356679323
synthetic_s02_06_walk,synthetic_s02,walk,normal_activity,fatigue_like,8,synthetic,clean,2000,5980,16.27279715087244,10.317787436315422,5.809885392983797,5.76103754707461,0.02256432017383056,2.709181788871146,97817.16656027208,118328.83281198033,0.364057484576039,0.37554330213293646,-0.41172216789058247
synthetic_s02_06_walk,synthetic_s02,walk,normal_activity,fatigue_like,8,synthetic,clean,4000,7980,16.090256229072306,10.275336383610906,5.9395585335301835,5.7954772471081615,0.022374655522793736,2.7783716102427256,96467.9758406394,117214.3813568277,0.36506980835720204,0.3908780487554187,-0.391591479502004
synthetic_s02_06_walk,synthetic_s02,walk,normal_activity,fatigue_like,8,synthetic,clean,6000,9980,15.417348929012578,10.286219930909349,5.967139553005849,5.824267454644258,0.021445616288757217,2.8630376733984964,91335.66221327118,110091.85360268864,0.357916573466724,0.39785081013016027,-0.40247988620010394
synthetic_s02_06_walk,synthetic_s02,walk,normal_activity,fatigue_like,8,synthetic,clean,8000,11980,15.21529869309129,10.247585018776444,5.875586733159284,5.820724191756437,0.021913418056461628,2.8253424146478054,90883.63359996854,111754.91155363353,0.36812308782062575,0.3854640359978494,-0.40428188083711447
synthetic_s02_07_sit,synthetic_s02,sit,normal_activity,fresh_baseline,2,synthetic,clean,0,3980,0.7088887161443143,1.6395695864565882,0.020176033122726533,0.3609091739324766,0.0015389736587855846,2.148052984263316,5071.60165243628,1013.7853258222015,0.07165230819771437,0.3454915948013972,0.031283609275604723
synthetic_s02_07_sit,synthetic_s02,sit,normal_activity,fresh_baseline,2,synthetic,clean,2000,5980,0.7018648407897943,1.6522779413054485,0.015038920500859603,0.3481088898423011,0.0015751302091184837,2.239633028958301,5061.570144439359,860.079181716769,0.06150820853380618,0.3511099096687418,-0.09279740859002676
synthetic_s02_07_sit,synthetic_s02,sit,normal_activity,fresh_baseline,2,synthetic,clean,4000,7980,0.7322978399800487,1.655175914591096,0.015441665913313187,0.3648990990740473,0.0016781403327258055,2.324078160373511,5419.477238764586,937.216013166221,0.06433524770293027,0.3544943050072069,-0.11591589611041414
synthetic_s02_07_sit,synthetic_s02,sit,normal_activity,fresh_baseline,2,synthetic,clean,6000,9980,0.7358702992229854,1.6427732338657894,0.01800608067116813,0.36427505531084886,0.001867968398553778,2.4674403932077267,5495.173777555112,963.9198421797882,0.06580579180544342,0.35449654758420107,-0.07701810749314787
synthetic_s02_07_sit,synthetic_s02,sit,normal_activity,fresh_baseline,2,synthetic,clean,8000,11980,0.6924467033693478,1.6267765258047528,0.01789261403255355,0.34362182790206924,0.0016249022216313646,2.2770476445447043,5213.5080498291945,860.7760298234288,0.06244227657869222,0.34997772630934465,-0.07804135907766245
synthetic_s02_08_transit_noise,synthetic_s02,transit_noise,transit_ignore,recovery,4,synthetic,clean,0,3980,116.50491985618031,25.77867204344707,86.21448897550955,25.62504307711105,0.08940597620590296,16.988978527704287,352305.972528913,499482.8388251254,0.2181290433641124,0.9200573816029893,-0.07393035317998968
synthetic_s02_08_transit_noise,synthetic_s02,transit_noise,transit_ignore,recovery,4,synthetic,clean,2000,5980,124.99846856422214,26.80157192897033,101.33763318176767,26.083833826958863,0.09576319261811582,17.427656307905032,432544.5685549204,518277.0383622123,0.21063854474318974,0.9162889833390424,-0.08300442613146027
synthetic_s02_08_transit_noise,synthetic_s02,transit_noise,transit_ignore,recovery,4,synthetic,clean,4000,7980,114.30371383896959,26.792269256582152,102.85080577510048,26.553148952355084,0.08184010005975204,15.797707696639751,405126.59194652963,484441.3719789433,0.21686991418777202,0.9004279573478028,0.06457636025700651
synthetic_s02_08_transit_noise,synthetic_s02,transit_noise,transit_ignore,recovery,4,synthetic,clean,6000,9980,106.05534910252271,26.124850841863047,106.87317988060725,25.881809887276685,0.07152876807899806,15.134574261505884,216191.55587707946,419860.0329365362,0.20729188754108602,0.909334469683475,0.14457201578976075
synthetic_s02_08_transit_noise,synthetic_s02,transit_noise,transit_ignore,recovery,4,synthetic,clean,8000,11980,109.69323780387964,26.18659237714515,114.41039212274914,25.9325077339923,0.06997864201740332,14.230195131763942,327101.29452341615,458955.13813655387,0.22090443695407466,0.9095784956033653,-0.001822116635181149
synthetic_s03_01_safe_lift_motion,synthetic_s03,safe_lift_motion,safe_lift,fresh_baseline,2,synthetic,clean,0,3980,12.069917173097744,8.715191841715608,5.527967188145218,5.8143439806871875,0.0167787039548602,2.4307201530119817,11475.201649701752,6991.181465548952,0.029019791248365883,0.1730405482147946,0.8967278388476448
synthetic_s03_01_safe_lift_motion,synthetic_s03,safe_lift_motion,safe_lift,fresh_baseline,2,synthetic,clean,2000,5980,12.11244145396724,8.711483126375759,5.627845403918871,5.782005541542614,0.017441665710004495,2.3481674670075408,11909.003416344218,7281.688648945963,0.030151418680564705,0.17146720003760021,0.896425638215261
synthetic_s03_01_safe_lift_motion,synthetic_s03,safe_lift_motion,safe_lift,fresh_baseline,2,synthetic,clean,4000,7980,12.665593397371195,8.735973096412208,5.636924383416341,5.76899176727234,0.018102878974660595,2.316120916776477,12836.663749014688,8160.794694548134,0.03228205011202714,0.16983709058725133,0.8922202308960964
synthetic_s03_01_safe_lift_motion,synthetic_s03,safe_lift_motion,safe_lift,fresh_baseline,2,synthetic,clean,6000,9980,12.5137017891617,8.764616522541758,5.645859074250122,5.7951173823018065,0.01826881598247698,2.3222787732288817,11238.352122310218,9382.010591288077,0.03754784174588859,0.17929624742096936,0.9025124355209226
synthetic_s03_01_safe_lift_motion,synthetic_s03,safe_lift_motion,safe_lift,fresh_baseline,2,synthetic,clean,8000,11980,12.556491239016728,8.807599718498654,6.083512107947583,5.818477245133923,0.01849597579468015,2.3840668594724423,13606.793946420872,9556.171963328725,0.03811943640122026,0.1855922040326424,0.8892896921998868
synthetic_s03_02_unsafe_flexion_motion,synthetic_s03,unsafe_flexion_motion,stoop_risk,repeated_task,5,synthetic,clean,0,3980,104.05993141574214,24.352370258166292,9.471616805852557,7.291496968142825,0.0023388729195154,2.047274428730834,100779.01413900524,39984.18927967438,0.019217319884218865,0.10265509068506959,0.9478126567402474
synthetic_s03_02_unsafe_flexion_motion,synthetic_s03,unsafe_flexion_motion,stoop_risk,repeated_task,5,synthetic,clean,2000,5980,103.13247971748348,24.342850930934723,9.352881076594414,7.322400888124759,0.002808713672512762,2.034407168019776,95831.48447621583,42016.73528962059,0.02037489796888975,0.10268381925184522,0.9395120159431359
synthetic_s03_02_unsafe_flexion_motion,synthetic_s03,unsafe_flexion_motion,stoop_risk,repeated_task,5,synthetic,clean,4000,7980,104.2675193550773,24.39909519950059,9.135964732718913,7.3052818015361884,0.0034049758267190476,2.041537179029584,93933.94413194562,40939.810085597775,0.019639857716372538,0.10061856621379009,0.9370438174185705
synthetic_s03_02_unsafe_flexion_motion,synthetic_s03,unsafe_flexion_motion,stoop_risk,repeated_task,5,synthetic,clean,6000,9980,105.65004416411531,24.480397805831547,9.05258738773824,7.194739213892909,0.0033264427935333846,2.1092125264943093,98918.50850721818,42652.56227678591,0.020189872802710455,0.10244031910467374,0.9503415593078596
synthetic_s03_02_unsafe_flexion_motion,synthetic_s03,unsafe_flexion_motion,stoop_risk,repeated_task,5,synthetic,clean,8000,11980,104.15314607546719,24.44983641348276,9.149099003640147,7.208429232379435,0.002872997944013922,2.159033160727819,99157.03003681432,44816.72463834278,0.02151849714013725,0.10689197193024072,0.9469819868782011
synthetic_s03_03_unsafe_twist_motion,synthetic_s03,unsafe_twist_motion,twist_risk,fatigue_like,8,synthetic,clean,0,3980,150.6171251984949,30.869286319586895,30.111022778170295,12.797114507307084,0.0019769637289047824,2.5384020925123747,139435.62377802577,235323.0537298394,0.07812923615792283,0.17715243824339633,0.9127875419812235
synthetic_s03_03_unsafe_twist_motion,synthetic_s03,unsafe_twist_motion,twist_risk,fatigue_like,8,synthetic,clean,2000,5980,151.43041651401919,30.94839027187643,30.12293627405743,12.762338802821903,0.001973899614681156,2.56144368910993,138153.14142616573,243388.20498943096,0.0803724438771753,0.17824623394367273,0.9111907466980681
synthetic_s03_03_unsafe_twist_motion,synthetic_s03,unsafe_twist_motion,twist_risk,fatigue_like,8,synthetic,clean,4000,7980,149.66627216048127,31.00532341719487,30.358647099699475,12.77771542353977,0.001563767516727564,2.1124678657755167,128709.1166349513,242143.71424708224,0.08091680953745198,0.17619944961676734,0.9120397262382324
synthetic_s03_03_unsafe_twist_motion,synthetic_s03,unsafe_twist_motion,twist_risk,fatigue_like,8,synthetic,clean,6000,9980,149.46962209290643,31.005864956376005,30.176708750962245,12.728865945684392,0.0014559168076797547,2.0162440343028885,129174.64795906571,231797.80922933444,0.07756351056221449,0.17413753555672074,0.9174851919099621
synthetic_s03_03_unsafe_twist_motion,synthetic_s03,unsafe_twist_motion,twist_risk,fatigue_like,8,synthetic,clean,8000,11980,150.91791222451326,30.96068234703019,29.465802257806995,12.648629336096722,0.0016731078541211714,2.301027941899903,141546.6818628766,227260.93267309316,0.0753049140267294,0.17414245510123041,0.9226874363564321
synthetic_s03_04_bend_no_load,synthetic_s03,bend_no_load,non_risk_bend,repeated_task,5,synthetic,clean,0,3980,8.649280493447298,8.147961580620636,4.7497289313291615,5.227279853265819,0.0014626194033008327,2.284208762369653,25169.47968556266,31286.321314722765,0.18107045211528766,0.42132960133480263,0.656283376950815
synthetic_s03_04_bend_no_load,synthetic_s03,bend_no_load,non_risk_bend,repeated_task,5,synthetic,clean,2000,5980,9.110969489963429,8.1767898882955,4.626283030880685,5.127253051948045,0.0013959419153847818,2.0850237380294185,28714.102666692695,32399.62191643514,0.17803656148355831,0.42908470191230724,0.6462427500746352
synthetic_s03_04_bend_no_load,synthetic_s03,bend_no_load,non_risk_bend,repeated_task,5,synthetic,clean,4000,7980,9.671749009157327,8.20733054670687,4.653148136694946,5.118616012811375,0.001165724041037111,1.929207556460931,29399.353695664002,30568.484057257847,0.1582966470912765,0.43095784782449975,0.6388590968563681
synthetic_s03_04_bend_no_load,synthetic_s03,bend_no_load,non_risk_bend,repeated_task,5,synthetic,clean,6000,9980,9.22416743673437,8.229221699596168,4.468453936212979,5.184882450497495,0.0012518590696173248,1.9589363778702065,25968.42661226891,29573.90426818935,0.16052066047382535,0.42387124702001117,0.6472173995415937
synthetic_s03_04_bend_no_load,synthetic_s03,bend_no_load,non_risk_bend,repeated_task,5,synthetic,clean,8000,11980,9.2058786280919,8.20490805056096,4.4987819271625655,5.149876368538687,0.0015732567556246153,2.0424085851098086,29149.79294793073,34377.73918007242,0.18707730199098443,0.460533985647849,0.6430972190464241
synthetic_s03_05_sit_bend,synthetic_s03,sit_bend,non_risk_bend,recovery,4,synthetic,clean,0,3980,4.791460598080594,5.897033961697516,0.34829525625769053,1.3987764380408285,0.0015482605480031427,2.2080587337771918,17893.083902004444,19034.17227879002,0.20137166126684003,0.5150642511140501,0.025067131118893405
synthetic_s03_05_sit_bend,synthetic_s03,sit_bend,non_risk_bend,recovery,4,synthetic,clean,2000,5980,4.819690496699259,5.9241732990114135,0.3051125275703508,1.369344124550083,0.001611525866353265,2.173339806278384,16064.307659711945,19349.046897540786,0.20217309938420083,0.502054723367708,0.06190341199694234
synthetic_s03_05_sit_bend,synthetic_s03,sit_bend,non_risk_bend,recovery,4,synthetic,clean,4000,7980,4.941587381661878,5.876457634792111,0.27575839957804366,1.3419325788473098,0.0014623833745996658,2.151539777536435,15582.461394743044,19790.486314492737,0.20085709135024954,0.49875534540972855,-0.021148615856550416
synthetic_s03_05_sit_bend,synthetic_s03,sit_bend,non_risk_bend,recovery,4,synthetic,clean,6000,9980,4.821922073384435,5.886856169536792,0.30472869739032304,1.3718311387070043,0.0013239105759864662,2.096111684488869,17183.38629412598,18606.581581298644,0.1936734286211809,0.5107482461868849,-0.07655059909799078
synthetic_s03_05_sit_bend,synthetic_s03,sit_bend,non_risk_bend,recovery,4,synthetic,clean,8000,11980,4.194115981343898,5.873791531819608,0.3475622524440764,1.4610861274329783,0.0013626346066449185,2.039067367493082,15188.696991705778,14400.906435032193,0.1725229462645056,0.5021061812914523,-0.044771882738937265
synthetic_s03_06_walk,synthetic_s03,walk,normal_activity,fatigue_like,8,synthetic,clean,0,3980,18.9242316234004,10.72979432577714,5.893602152737312,5.942123593898086,0.02295835252599633,2.7216344498665044,124176.84474546959,120369.78698630251,0.319007274004757,0.38186167602766874,-0.4371973982867994
synthetic_s03_06_walk,synthetic_s03,walk,normal_activity,fatigue_like,8,synthetic,clean,2000,5980,18.916761275322855,10.722696047257449,5.638427822612287,5.820472454472298,0.022297670298366233,2.5836649603431825,118806.11777576133,129855.296908604,0.3439019590997748,0.38597675660527586,-0.4241073194704763
synthetic_s03_06_walk,synthetic_s03,walk,normal_activity,fatigue_like,8,synthetic,clean,4000,7980,18.635989649126103,10.746861071232367,5.999696800899639,5.812933931609361,0.023351242843585786,2.6725760670217107,112932.14608441605,134222.0253407925,0.3606583671714996,0.38133774338414994,-0.4252529871092066
synthetic_s03_06_walk,synthetic_s03,walk,normal_activity,fatigue_like,8,synthetic,clean,6000,9980,18.356692573857977,10.731985759527705,6.29099766566083,5.920462569982499,0.022916481534224067,2.689088535490956,114070.20513854282,124731.34143202398,0.3401799487435092,0.37346867597728045,-0.420356237865256
synthetic_s03_06_walk,synthetic_s03,walk,normal_activity,fatigue_like,8,synthetic,clean,8000,11980,18.778459114495273,10.76712319775507,6.006545338369303,5.883116076155217,0.02143909762497363,2.715928942063734,122926.77021431742,128045.09308755494,0.3412806048429154,0.37908893542951344,-0.4307573682310437
synthetic_s03_07_sit,synthetic_s03,sit,normal_activity,fresh_baseline,2,synthetic,clean,0,3980,0.8143750988280015,1.7352585267762126,0.019575174009915285,0.34595036246428584,0.0015344211866254297,2.3278507257281604,5836.808956100465,1430.1305730690779,0.08802999855938723,0.36089438975632393,-0.08379904228237746
synthetic_s03_07_sit,synthetic_s03,sit,normal_activity,fresh_baseline,2,synthetic,clean,2000,5980,0.8502277819751461,1.7470366462129299,0.01851852503095436,0.3585367499482289,0.001555250910149742,2.3108916995056377,6586.397314133842,1206.2123437987689,0.07102635126730394,0.33645407313575326,-0.15923836418221576
synthetic_s03_07_sit,synthetic_s03,sit,normal_activity,fresh_baseline,2,synthetic,clean,4000,7980,0.8489510070604648,1.7413000514511008,0.016192915790095613,0.3558807506869286,0.0016146396696132327,2.287735037120078,6384.1853999282575,1119.4166327236637,0.06600298328048596,0.3349354299430995,-0.004210432935768333
synthetic_s03_07_sit,synthetic_s03,sit,normal_activity,fresh_baseline,2,synthetic,clean,6000,9980,0.8260011647759505,1.7480211980718987,0.01567739855025455,0.341229068832922,0.001548627402657669,2.2352864981078215,6064.995727174031,1095.346853214684,0.06647279076717139,0.3381643578426764,0.04325471863559906
synthetic_s03_07_sit,synthetic_s03,sit,normal_activity,fresh_baseline,2,synthetic,clean,8000,11980,0.7952105274516199,1.737853909640108,0.018230023404504466,0.3373103246256754,0.0016632015143047186,2.2650847619191303,5954.1333352794845,1032.6204456814457,0.0650824812595168,0.3297717509097042,0.03915888440511723
synthetic_s03_08_transit_noise,synthetic_s03,transit_noise,transit_ignore,recovery,4,synthetic,clean,0,3980,120.00094883548034,26.98870106497442,96.55515535093986,24.88138716506711,0.10109530968896432,18.12556995923794,447231.0769699282,361534.9957087856,0.1549112618703891,0.9101832170518689,0.13625227425621025
synthetic_s03_08_transit_noise,synthetic_s03,transit_noise,transit_ignore,recovery,4,synthetic,clean,2000,5980,90.89852766933473,25.553456383539384,113.0554430422948,26.338815157535826,0.09528101106337208,17.158387149669373,362976.67804089264,300152.7530505647,0.17200425466827501,0.9003059971953639,0.12648030739492902
synthetic_s03_08_transit_noise,synthetic_s03,transit_noise,transit_ignore,recovery,4,synthetic,clean,4000,7980,82.74785915672918,24.25776224976753,101.12342781765997,25.377129283630023,0.07899965588500053,15.574059796674032,260447.46506080238,263378.9552392931,0.17709131317190532,0.8893454412616643,0.09682741359890641
synthetic_s03_08_transit_noise,synthetic_s03,transit_noise,transit_ignore,recovery,4,synthetic,clean,6000,9980,103.60619365926603,25.766567604951035,86.26403622563299,23.70330060000241,0.08493680178291145,15.934526338253022,203389.5113797634,374445.31710482686,0.19593297500930823,0.8984469601808198,0.0681249887265573
synthetic_s03_08_transit_noise,synthetic_s03,transit_noise,transit_ignore,recovery,4,synthetic,clean,8000,11980,114.86558200185334,28.02826494522811,96.43959784266256,24.05728374202687,0.08344909035655279,16.494987364421736,409589.07425090054,417008.7403186266,0.18903321844200996,0.9095555737140328,0.03529975236202319
synthetic_s04_01_safe_lift_motion,synthetic_s04,safe_lift_motion,safe_lift,fresh_baseline,2,synthetic,clean,0,3980,12.595835940539528,8.70783777196939,6.020821599084092,5.865351622812196,0.01676805709317783,2.2886206143660264,12738.577411841256,7017.266199350348,0.027933727789851225,0.16162967245244056,0.9009397120782766
synthetic_s04_01_safe_lift_motion,synthetic_s04,safe_lift_motion,safe_lift,fresh_baseline,2,synthetic,clean,2000,5980,12.415942986796013,8.689442212644519,6.016518115370463,5.8764099123368165,0.01746955452849525,2.1395279361942547,11093.755913311294,8059.900977977804,0.032512711166818795,0.16069110791695415,0.9074292193287333
synthetic_s04_01_safe_lift_motion,synthetic_s04,safe_lift_motion,safe_lift,fresh_baseline,2,synthetic,clean,4000,7980,12.054032129286844,8.646062349838717,5.687181351519741,5.8888466280850045,0.01651159964990919,2.3020008976000095,11468.666008437636,6328.018706879094,0.026301199540815768,0.1578002900518064,0.912669948729304
synthetic_s04_01_safe_lift_motion,synthetic_s04,safe_lift_motion,safe_lift,fresh_baseline,2,synthetic,clean,6000,9980,11.741942487034546,8.662210379629466,5.613290426249032,5.818945676143121,0.01640486152283854,2.3359479488178754,11827.894583532034,5655.472555333739,0.024147675305515367,0.16360641184450692,0.9123335362892373
synthetic_s04_01_safe_lift_motion,synthetic_s04,safe_lift_motion,safe_lift,fresh_baseline,2,synthetic,clean,8000,11980,12.110457760013391,8.761789431770882,5.650342159973247,5.805389218384671,0.017190633129586245,2.1439532130768986,11033.089927458532,6454.993949553174,0.026672848430255053,0.16286916049420505,0.9192654760597985
synthetic_s04_02_unsafe_flexion_motion,synthetic_s04,unsafe_flexion_motion,stoop_risk,repeated_task,5,synthetic,clean,0,3980,106.18854548889658,24.4147102577351,9.50453833631294,7.2511051750666216,0.0030280681812390113,2.1807291610519215,101207.31178827066,37499.24213264135,0.017667584305256848,0.10139552634995969,0.9433394549516481
synthetic_s04_02_unsafe_flexion_motion,synthetic_s04,unsafe_flexion_motion,stoop_risk,repeated_task,5,synthetic,clean,2000,5980,107.38152721916336,24.4208905876375,9.570411623705386,7.30094853618105,0.0033331762337921113,2.3578528989525216,97907.52908774109,39425.33731559689,0.01836361569003105,0.0997588710286561,0.9387129875870798
synthetic_s04_02_unsafe_flexion_motion,synthetic_s04,unsafe_flexion_motion,stoop_risk,repeated_task,5,synthetic,clean,4000,7980,106.0314648036365,24.39828218973026,9.169509920664145,7.244391135951667,0.002996536033351371,2.455787140241633,94301.94141537121,38890.370663988215,0.01834260027351892,0.09773181909611953,0.9372419010643286
synthetic_s04_02_unsafe_flexion_motion,synthetic_s04,unsafe_flexion_motion,stoop_risk,repeated_task,5,synthetic,clean,6000,9980,104.72902649014239,24.365605631445963,8.830505523398053,7.202050377273335,0.002939875030695925,2.309516169973271,97056.87711973413,34958.5091520596,0.016691921592644147,0.09847157185286626,0.9439728146314323
synthetic_s04_02_unsafe_flexion_motion,synthetic_s04,unsafe_flexion_motion,stoop_risk,repeated_task,5,synthetic,clean,8000,11980,103.33240824334061,24.32119802763704,9.361829324044178,7.197927976946726,0.003112364059204763,2.252719842603862,95899.8553323123,35346.8280087147,0.017108135604114946,0.09839791536240655,0.9463103534355579
synthetic_s04_03_unsafe_twist_motion,synthetic_s04,unsafe_twist_motion,twist_risk,fatigue_like,8,synthetic,clean,0,3980,150.93424859714278,30.68714258333041,30.93312523210214,12.811760443978212,0.0018559996891295315,2.56052117027438,129692.73604360997,182506.86723551562,0.06046778822715202,0.15410455738970616,0.9308091228591855
synthetic_s04_03_unsafe_twist_motion,synthetic_s04,unsafe_twist_motion,twist_risk,fatigue_like,8,synthetic,clean,2000,5980,151.09711443442384,30.750474914122982,31.08676957184085,12.929749863012134,0.0016702304594757016,2.288687453088445,124818.80406855825,190023.54080832904,0.06289341837907693,0.15347938124112354,0.9303649427505243
synthetic_s04_03_unsafe_twist_motion,synthetic_s04,unsafe_twist_motion,twist_risk,fatigue_like,8,synthetic,clean,4000,7980,151.92034419814968,30.718938238281048,30.3644012085609,12.867185025677852,0.0016948135751665865,2.07972195489557,126788.9894530718,198315.08887199135,0.06529003912235307,0.15535069045327932,0.9300258923342055
synthetic_s04_03_unsafe_twist_motion,synthetic_s04,unsafe_twist_motion,twist_risk,fatigue_like,8,synthetic,clean,6000,9980,151.3973104196454,30.662522888582746,29.600260409925028,12.773703829518439,0.0015815490428287414,2.0957201808719317,127998.35898310957,203134.36765581532,0.06710337092254762,0.15864289314930083,0.9293119795505804
synthetic_s04_03_unsafe_twist_motion,synthetic_s04,unsafe_twist_motion,twist_risk,fatigue_like,8,synthetic,clean,8000,11980,150.64054316981486,30.655895096781183,30.200760699794074,12.816798903031307,0.0016272972890034377,2.208268153353079,124661.3576070568,192554.9562041181,0.06393195267604532,0.15647263333673048,0.9300687479217011
synthetic_s04_04_bend_no_load,synthetic_s04,bend_no_load,non_risk_bend,repeated_task,5,synthetic,clean,0,3980,9.109344917750626,8.139343094574052,4.443360513065415,5.208756837326774,0.0015746019543585621,2.2256996010867347,27734.704514238456,27419.07563785545,0.15064819257450168,0.3918395037561903,0.6869756324950559
synthetic_s04_04_bend_no_load,synthetic_s04,bend_no_load,non_risk_bend,repeated_task,5,synthetic,clean,2000,5980,9.061152203419107,8.082937110163677,4.521935682112135,5.17651234377941,0.0014509750586905517,2.2557003626242698,27519.44718186631,25847.235329501895,0.14290003852787223,0.3987866399242266,0.6534598721841979
synthetic_s04_04_bend_no_load,synthetic_s04,bend_no_load,non_risk_bend,repeated_task,5,synthetic,clean,4000,7980,9.127338288641397,8.082722546587526,4.5021018173063,5.159300011681437,0.0015358951137932739,2.2558260028736923,26673.925166117308,24376.82626069304,0.13404264873147043,0.3923765674394092,0.668760540485994
synthetic_s04_04_bend_no_load,synthetic_s04,bend_no_load,non_risk_bend,repeated_task,5,synthetic,clean,6000,9980,8.791859698183567,8.036822633161766,4.374662211639922,5.16025976695316,0.001635978882433864,2.172310414972881,28210.2638483457,26523.8701276225,0.15142250350834813,0.4075851686012687,0.673320187666321
synthetic_s04_04_bend_no_load,synthetic_s04,bend_no_load,non_risk_bend,repeated_task,5,synthetic,clean,8000,11980,9.026125589192302,8.040759338098423,4.377058247356283,5.1604204010977694,0.0015067466583679689,1.993640682558224,27612.2211724118,28659.12838058176,0.15892525036642474,0.4087332187779337,0.686074570368108
synthetic_s04_05_sit_bend,synthetic_s04,sit_bend,non_risk_bend,recovery,4,synthetic,clean,0,3980,4.4159622479012945,5.643603953203655,0.25769438313535803,1.3959627320848125,0.0014850849983043346,2.3316218465840683,12671.791863452438,12259.439067542058,0.13995657377308088,0.4606693291970593,-0.0688545981489328
synthetic_s04_05_sit_bend,synthetic_s04,sit_bend,non_risk_bend,recovery,4,synthetic,clean,2000,5980,4.746286540060189,5.74157103067462,0.2736699958681941,1.3785873550405074,0.0015985182837056752,2.420720097958034,12053.038539399011,14875.408045181812,0.15760545864657205,0.47349370306671634,-0.11363348068962997
synthetic_s04_05_sit_bend,synthetic_s04,sit_bend,non_risk_bend,recovery,4,synthetic,clean,4000,7980,4.83880182040792,5.722369391511347,0.25185378229501204,1.331508434439317,0.0015675983865706144,2.252327747997506,13375.143621056766,16889.05617942307,0.17592903291184075,0.5146055939137378,-0.03728569165363734
synthetic_s04_05_sit_bend,synthetic_s04,sit_bend,non_risk_bend,recovery,4,synthetic,clean,6000,9980,4.634531717946019,5.634598534172712,0.2383465790175957,1.3256967098565404,0.0016738234483843653,2.2206171601199327,15774.42161426181,16627.282226489213,0.1805498340956361,0.5211005625989383,0.07415435336969736
synthetic_s04_05_sit_bend,synthetic_s04,sit_bend,non_risk_bend,recovery,4,synthetic,clean,8000,11980,4.607169636522367,5.710236198071142,0.27078100865744376,1.3920332298049154,0.001597781291031152,2.081878216104824,14776.80694708688,14780.385615002646,0.16108613281049003,0.458065489295559,0.000443734807445667
synthetic_s04_06_walk,synthetic_s04,walk,normal_activity,fatigue_like,8,synthetic,clean,0,3980,14.49793178003489,10.19380331024126,5.880573109073482,5.790827390303683,0.022603564245243186,2.78226722208961,82364.07373503104,113670.14383192087,0.39299886017930635,0.3905478332138604,-0.375587946084261
synthetic_s04_06_walk,synthetic_s04,walk,normal_activity,fatigue_like,8,synthetic,clean,2000,5980,14.38420499237365,10.202312982581361,5.824521292119759,5.801572589978383,0.022090329770259008,2.8837822391549355,79028.5539894248,108081.15404416836,0.3767302919419861,0.3880986908492764,-0.4085068150152784
synthetic_s04_06_walk,synthetic_s04,walk,normal_activity,fatigue_like,8,synthetic,clean,4000,7980,14.49355425254158,10.111448011331595,5.831338086530821,5.841033899802389,0.021650018360063777,2.758109203555847,79035.639791993,110738.23538895833,0.38298204633546734,0.38491057544981494,-0.406288535798689
synthetic_s04_06_walk,synthetic_s04,walk,normal_activity,fatigue_like,8,synthetic,clean,6000,9980,14.591348086179082,10.114608266574752,5.7747534820094275,5.906602260219981,0.022468675964251804,2.6426425850354884,77055.64276168044,115659.19919201007,0.3978212772630549,0.39349300044057717,-0.37866990104983245
synthetic_s04_06_walk,synthetic_s04,walk,normal_activity,fatigue_like,8,synthetic,clean,8000,11980,13.9628961023403,10.08410364781864,5.897984807290059,5.882169922695484,0.02334492136657243,2.712396619116539,78737.47856867369,107561.10736487909,0.3867063988201993,0.40011464936023405,-0.3840823720377398
synthetic_s04_07_sit,synthetic_s04,sit,normal_activity,fresh_baseline,2,synthetic,clean,0,3980,0.6485313440792556,1.5753237320203757,0.019442261417578814,0.36306396695071846,0.0017508739885043717,2.4869916644969554,4968.50276996593,902.7356042021971,0.07004454211336482,0.35039415069647684,0.031764740639767794
synthetic_s04_07_sit,synthetic_s04,sit,normal_activity,fresh_baseline,2,synthetic,clean,2000,5980,0.6722522993474948,1.5872074931142925,0.0155704066234799,0.34811287208137187,0.0016071375482242711,2.2745443220294703,5155.842109013693,896.4044198946444,0.06698014173980874,0.34408122237074246,-0.046876954615656025
synthetic_s04_07_sit,synthetic_s04,sit,normal_activity,fresh_baseline,2,synthetic,clean,4000,7980,0.677620318142187,1.5851016681514778,0.01529993375247912,0.33286196803131946,0.0015908758344197165,2.165789190599288,5038.242966870181,932.4429407401434,0.06894811098155901,0.35023773314379236,-0.06695748664041837
synthetic_s04_07_sit,synthetic_s04,sit,normal_activity,fresh_baseline,2,synthetic,clean,6000,9980,0.6808874190927817,1.564177777179806,0.013664550120119245,0.32661596288040246,0.0016341187043568078,2.3166083206048986,5224.468891195031,960.6062189148865,0.07071090363311433,0.3555040582649306,-0.03804709901783127
synthetic_s04_07_sit,synthetic_s04,sit,normal_activity,fresh_baseline,2,synthetic,clean,8000,11980,0.6723908748098915,1.5497195250658182,0.01576117002199568,0.3454491196736807,0.0016288238912327173,2.2768426173545837,4993.143516555082,943.6802546444494,0.07039560594969908,0.348396300815755,0.12120779896358905
synthetic_s04_08_transit_noise,synthetic_s04,transit_noise,transit_ignore,recovery,4,synthetic,clean,0,3980,87.05345278764409,24.9556083623653,115.87773967072586,27.23842569737903,0.06938890294742618,15.583970050177957,252209.51567870815,326355.6851067966,0.19571494889503877,0.9066136232964944,0.0840783038401163
synthetic_s04_08_transit_noise,synthetic_s04,transit_noise,transit_ignore,recovery,4,synthetic,clean,2000,5980,89.39526900945843,24.92628260681125,115.58581632601003,26.681781104306,0.08417065468380487,16.940562322993642,225359.53943871925,405273.9059168799,0.24787906697261322,0.9099285854684699,-0.116744173366243
synthetic_s04_08_transit_noise,synthetic_s04,transit_noise,transit_ignore,recovery,4,synthetic,clean,4000,7980,90.71374201987969,25.58061301321124,98.11169098766342,24.734117072848736,0.08817226258956834,16.957150506533587,242934.94851186738,313909.0663558136,0.18874584971728525,0.9145575494403403,-0.1636949877895848
synthetic_s04_08_transit_noise,synthetic_s04,transit_noise,transit_ignore,recovery,4,synthetic,clean,6000,9980,85.87076136747976,25.730477341181953,90.55834613081458,24.54616337950742,0.08256309243231906,15.142132322507432,299468.73842564854,278057.6182833758,0.16527447750418314,0.9186005852504543,-0.018350198264822457
synthetic_s04_08_transit_noise,synthetic_s04,transit_noise,transit_ignore,recovery,4,synthetic,clean,8000,11980,89.83402897532596,25.29468037369303,93.93396340394982,24.872448702500257,0.07578195616318201,14.681730176954211,372640.2096853917,348336.5367899935,0.19926765913576938,0.9021896295109019,-0.07843818185776105
synthetic_s05_01_safe_lift_motion,synthetic_s05,safe_lift_motion,safe_lift,fresh_baseline,2,synthetic,clean,0,3980,13.165043333632003,8.78343379369773,5.538701935819421,5.767882789935372,0.017947262961002526,2.4143205053298646,11483.179162460545,8806.098911103776,0.03348992849787158,0.17878068542742134,0.8825988396162667
synthetic_s05_01_safe_lift_motion,synthetic_s05,safe_lift_motion,safe_lift,fresh_baseline,2,synthetic,clean,2000,5980,13.427346008112357,8.792341819965207,5.268300751497752,5.748416607572801,0.01658674113971066,2.311196379853366,10983.061197831694,8003.139411596652,0.029835691915816087,0.16359951062624906,0.8913664416001295
synthetic_s05_01_safe_lift_motion,synthetic_s05,safe_lift_motion,safe_lift,fresh_baseline,2,synthetic,clean,4000,7980,12.651377549090283,8.802740585595897,5.4226646784290935,5.715381676064231,0.017234455146683637,2.291239805805661,10904.935334433481,9359.826498239652,0.037044678698599454,0.17814213877340526,0.8799265728618431
synthetic_s05_01_safe_lift_motion,synthetic_s05,safe_lift_motion,safe_lift,fresh_baseline,2,synthetic,clean,6000,9980,12.67699065489613,8.766948688483787,5.964531054191289,5.7997675104830915,0.016788605746800824,2.2950640323610028,11205.17896261252,10648.785747959473,0.042103186992851815,0.1812454814535052,0.8899872103380352
synthetic_s05_01_safe_lift_motion,synthetic_s05,safe_lift_motion,safe_lift,fresh_baseline,2,synthetic,clean,8000,11980,13.169488687634512,8.791217150547322,5.884893555991402,5.8335903762705446,0.01644172548291583,2.2426244337474173,12663.873970865952,8058.637634622391,0.03067462877260675,0.167302625645433,0.9080004757964295
synthetic_s05_02_unsafe_flexion_motion,synthetic_s05,unsafe_flexion_motion,stoop_risk,repeated_task,5,synthetic,clean,0,3980,103.38483795830129,24.4221725358255,8.777338857045482,7.194963030117304,0.0029879351693970035,2.350660725816826,101290.04945032923,43169.879412571376,0.02088085421864191,0.10242686085385354,0.9425104289259343
synthetic_s05_02_unsafe_flexion_motion,synthetic_s05,unsafe_flexion_motion,stoop_risk,repeated_task,5,synthetic,clean,2000,5980,102.66839134468661,24.32527468692341,8.734250105907902,7.185730352129059,0.002901994595697477,2.4235038286694226,90875.6469210707,40350.625620251536,0.019651785860919497,0.0982446623460871,0.9410538515770923
synthetic_s05_02_unsafe_flexion_motion,synthetic_s05,unsafe_flexion_motion,stoop_risk,repeated_task,5,synthetic,clean,4000,7980,102.26601972384086,24.305054080718683,8.98230183504281,7.201464136273251,0.0027393217023237173,2.2184085084810823,89723.8320726521,38622.116042707945,0.018887336457075167,0.09773272309044381,0.9436222643186256
synthetic_s05_02_unsafe_flexion_motion,synthetic_s05,unsafe_flexion_motion,stoop_risk,repeated_task,5,synthetic,clean,6000,9980,102.36699428466491,24.306031927917,9.23502643981805,7.32423765350087,0.002973532132804952,2.229775552508093,92003.56487187107,39994.336940170026,0.01954077084484836,0.09868429851496743,0.9427436569428295
synthetic_s05_02_unsafe_flexion_motion,synthetic_s05,unsafe_flexion_motion,stoop_risk,repeated_task,5,synthetic,clean,8000,11980,102.259248331257,24.268985063461596,9.470208713287654,7.3607138312694405,0.003209862975923841,2.344072134347772,97066.79001612557,37391.74848866564,0.018288843208047228,0.09911058091776667,0.9401537827076584
synthetic_s05_03_unsafe_twist_motion,synthetic_s05,unsafe_twist_motion,twist_risk,fatigue_like,8,synthetic,clean,0,3980,152.19652665070447,30.85262158249226,30.771570796233515,12.859280262211756,0.0016298936320843674,2.334956335545871,138684.18907360875,206612.4381485261,0.06789707438088415,0.16007819036406226,0.9236802009475454
synthetic_s05_03_unsafe_twist_motion,synthetic_s05,unsafe_twist_motion,twist_risk,fatigue_like,8,synthetic,clean,2000,5980,152.36776214991139,30.839166566984876,30.906216361963203,12.911595618361314,0.0015389662334867452,2.1796981127465567,136108.9416729345,210432.87007039992,0.06907816948444755,0.1595427523981779,0.9257285661281102
synthetic_s05_03_unsafe_twist_motion,synthetic_s05,unsafe_twist_motion,twist_risk,fatigue_like,8,synthetic,clean,4000,7980,152.03665627190526,30.884432335647055,29.85585677925549,12.811400737180033,0.0013927382046038787,2.1856207913726546,125325.14014208429,209777.10677122744,0.06900196730563814,0.16171796743731154,0.9222315336921695
synthetic_s05_03_unsafe_twist_motion,synthetic_s05,unsafe_twist_motion,twist_risk,fatigue_like,8,synthetic,clean,6000,9980,151.73391730432502,30.879620782858016,29.352505258929288,12.791739852494471,0.0014462762214865815,2.299003356059399,129006.63361453798,199731.36114610694,0.06582401934161951,0.15947233235961633,0.9239224723211557
synthetic_s05_03_unsafe_twist_motion,synthetic_s05,unsafe_twist_motion,twist_risk,fatigue_like,8,synthetic,clean,8000,11980,149.97680013982955,30.778110785137702,29.637133153949858,12.781710962469257,0.0014927699490516677,2.2349303496371875,126135.21841825677,206577.74591637225,0.0688734732569715,0.16139300588940117,0.924392468756649
synthetic_s05_04_bend_no_load,synthetic_s05,bend_no_load,non_risk_bend,repeated_task,5,synthetic,clean,0,3980,8.744173852088228,8.12223024877803,4.366131275039757,5.119480268086743,0.001500645818307147,2.20905537725812,24130.29326412131,29265.96051339592,0.1678300155887901,0.422740093177433,0.665434351910951
synthetic_s05_04_bend_no_load,synthetic_s05,bend_no_load,non_risk_bend,repeated_task,5,synthetic,clean,2000,5980,8.668952673093598,8.100397847588644,4.338309863471161,5.174279500211039,0.0013969857689888154,2.097021828356056,25551.065912584807,29921.20403438215,0.17288294239561494,0.42287851665456055,0.6425556448980351
synthetic_s05_04_bend_no_load,synthetic_s05,bend_no_load,non_risk_bend,repeated_task,5,synthetic,clean,4000,7980,9.095652850281898,8.143457419870069,4.373035257883577,5.191434688336972,0.0013963541698563226,2.170016276248197,24222.96727825546,28338.794956846912,0.15609216414984342,0.41744036441335713,0.6677556359765121
synthetic_s05_04_bend_no_load,synthetic_s05,bend_no_load,non_risk_bend,repeated_task,5,synthetic,clean,6000,9980,9.72121793392481,8.253616570797714,4.305442981965979,5.166381036353769,0.0016389332553425307,2.362306222165521,25630.56038416148,29702.88155715636,0.15320753255216915,0.41206834641225504,0.6731625968681728
synthetic_s05_04_bend_no_load,synthetic_s05,bend_no_load,non_risk_bend,repeated_task,5,synthetic,clean,8000,11980,9.685433556107592,8.264215349441987,4.338788726210665,5.142820944051666,0.0016339686562347007,2.2182836926864233,28067.557446379942,27589.39386079789,0.14263697670427727,0.4230694196820531,0.6707545427967372
synthetic_s05_05_sit_bend,synthetic_s05,sit_bend,non_risk_bend,recovery,4,synthetic,clean,0,3980,4.351449370669013,5.78281171726851,0.27001919594023627,1.3411747742091809,0.001333522421587659,2.0782220702719574,13621.054594348087,11259.540227058076,0.13001684673885525,0.44208627024986324,-0.03751264323078365
synthetic_s05_05_sit_bend,synthetic_s05,sit_bend,non_risk_bend,recovery,4,synthetic,clean,2000,5980,4.180946230249478,5.74123729079271,0.26877978081358167,1.3816182884960866,0.0016341883176469812,2.2493250884500138,12568.778827831818,13866.252901597647,0.1664778809493013,0.4583947583517131,-0.044857099412932054
synthetic_s05_05_sit_bend,synthetic_s05,sit_bend,non_risk_bend,recovery,4,synthetic,clean,4000,7980,4.252257338084444,5.821372816285774,0.28690003057263597,1.3860872055258573,0.0016703877274110248,2.3056545784831877,13501.968720186585,12771.838518851948,0.1513222923760039,0.46984899926884927,-0.060224341990616846
synthetic_s05_05_sit_bend,synthetic_s05,sit_bend,non_risk_bend,recovery,4,synthetic,clean,6000,9980,4.768732744329517,5.851272947816265,0.2966275102280072,1.3912448535217434,0.0015830535679676103,2.164150896051101,15553.351490707324,16264.369790898958,0.17163673971898247,0.4766860943036685,0.001046007007552074
synthetic_s05_05_sit_bend,synthetic_s05,sit_bend,non_risk_bend,recovery,4,synthetic,clean,8000,11980,4.975564651015125,5.856157324517364,0.3322916757690386,1.4220638339376135,0.0018595352412264473,2.352183215816561,15879.992802608664,17013.414536194083,0.17197141088844975,0.49385311864380305,0.05355779647617121
synthetic_s05_06_walk,synthetic_s05,walk,normal_activity,fatigue_like,8,synthetic,clean,0,3980,16.295803475363606,10.370624851281745,6.0254291475192145,5.833940968694141,0.021157385570298812,2.613112369036056,105008.2992937095,120399.06246551547,0.3698788045990147,0.3820644550137623,-0.4336106434375855
synthetic_s05_06_walk,synthetic_s05,walk,normal_activity,fatigue_like,8,synthetic,clean,2000,5980,16.855012269352688,10.315956556011562,5.928180304206408,5.8202246111063625,0.020925805723929675,2.7406076134906807,102043.53443066367,119233.67551281952,0.3543377157062316,0.3797972525435454,-0.4275923452642865
synthetic_s05_06_walk,synthetic_s05,walk,normal_activity,fatigue_like,8,synthetic,clean,4000,7980,16.877920620422532,10.31434528815486,5.418035315410227,5.743446088398918,0.021955608085688957,2.7185128715805256,94841.04959317007,125721.54220945285,0.37292919692559273,0.38533642134912816,-0.3998446878510449
synthetic_s05_06_walk,synthetic_s05,walk,normal_activity,fatigue_like,8,synthetic,clean,6000,9980,16.02889670994118,10.26789580584961,5.558479601021966,5.846881048467722,0.022720555679544358,2.8136177542792136,89635.17739032203,121941.34108727088,0.3808356979719391,0.39368317564821315,-0.39503526872187233
synthetic_s05_06_walk,synthetic_s05,walk,normal_activity,fatigue_like,8,synthetic,clean,8000,11980,15.102994132587973,10.286137710615519,5.993503569785141,5.884851827765038,0.021518193341435045,2.689311483971944,83978.91278956109,111725.51441541365,0.3705143234275444,0.39446571669611347,-0.400077835241973
synthetic_s05_07_sit,synthetic_s05,sit,normal_activity,fresh_baseline,2,synthetic,clean,0,3980,0.7291048921837853,1.6329735337474622,0.01763984527370961,0.34864982111516485,0.001706096536019277,2.2036258449588035,5530.854627996442,963.3008734643579,0.06620669852115052,0.32512185630259266,-0.01507114377382765
synthetic_s05_07_sit,synthetic_s05,sit,normal_activity,fresh_baseline,2,synthetic,clean,2000,5980,0.7096161114585589,1.6158157404858318,0.019340561541094717,0.3519787385818585,0.0015651411632255847,2.1670559517237593,5677.014844123789,893.1206994090142,0.06313463837029484,0.33400380508365807,-0.04549196286939051
synthetic_s05_07_sit,synthetic_s05,sit,normal_activity,fresh_baseline,2,synthetic,clean,4000,7980,0.7002527728223423,1.6202932120439602,0.018612726879328093,0.3415811363489776,0.001762664418244092,2.409932613704762,5248.061153343741,842.666070566523,0.06029730496236674,0.3366201014972533,-0.052998263634520634
synthetic_s05_07_sit,synthetic_s05,sit,normal_activity,fresh_baseline,2,synthetic,clean,6000,9980,0.7494230081777971,1.6536813556004957,0.01994497083072847,0.35579702342024877,0.0016736957256665058,2.2539803552358824,5874.464932805566,786.2677889296895,0.05256186471395394,0.3295993115759133,-0.0004799982008280205
synthetic_s05_07_sit,synthetic_s05,sit,normal_activity,fresh_baseline,2,synthetic,clean,8000,11980,0.7347759512691369,1.6496262491265505,0.02238748761968675,0.36382324327243887,0.0016783428480096952,2.149033633794341,5798.678019895568,838.9932276925351,0.05719199546328435,0.353860442011206,-0.09950333425744033
synthetic_s05_08_transit_noise,synthetic_s05,transit_noise,transit_ignore,recovery,4,synthetic,clean,0,3980,101.68821658289632,26.031298704847078,94.63939461954989,25.535628902456263,0.08429933303292128,16.614667294732353,386062.2444053507,315141.3879967045,0.16822186581839857,0.9290382003298427,0.017920148232652547
synthetic_s05_08_transit_noise,synthetic_s05,transit_noise,transit_ignore,recovery,4,synthetic,clean,2000,5980,111.63516409078002,26.576724268392244,107.0220515897316,25.525521826121725,0.08879017291520384,17.239937431175495,337328.6305290894,320403.0289495329,0.14969085648860136,0.9123558754081587,-0.033906787438853385
synthetic_s05_08_transit_noise,synthetic_s05,transit_noise,transit_ignore,recovery,4,synthetic,clean,4000,7980,111.60535615863687,26.804040589598916,109.79024501702607,25.996857445613802,0.10345471059455832,18.334623970668925,433080.54737761116,313807.7047821274,0.14508633362632845,0.8939871640866077,-0.09210538400117886
synthetic_s05_08_transit_noise,synthetic_s05,transit_noise,transit_ignore,recovery,4,synthetic,clean,6000,9980,92.968953284085,25.63286945042212,98.8979272922374,26.197791634055115,0.09461014934733364,17.38727628361823,325374.6246869759,314548.2740689219,0.17193143463840488,0.9152701931115991,-0.006679704493049759
synthetic_s05_08_transit_noise,synthetic_s05,transit_noise,transit_ignore,recovery,4,synthetic,clean,8000,11980,86.85556370207944,25.930283794877987,88.80890648793145,25.869421402962256,0.0720100017916372,15.16982030198128,202151.33476854762,336049.933819256,0.20003401462028275,0.9131759516943715,0.002481801883151274
